{
  "small_batch": {
    "stats": {
      "iterations": 5,
      "duration_seconds": 8.311804500001017,
      "mean_ms": 1662.3402000055648,
      "median_ms": 1597.2757000126876,
      "p95_ms": 1758.531800005585,
      "min_ms": 1387.0587999990676,
      "max_ms": 2074.1949999937788,
      "rps": 0.601554090931685,
      "peak_memory_mb": 0.19078540802001953,
      "metadata": {}
    }
  },
  "medium_batch": {
    "stats": {
      "iterations": 5,
      "duration_seconds": 8.330501700023888,
      "mean_ms": 1666.0846199956723,
      "median_ms": 1607.810999994399,
      "p95_ms": 1796.5556999843102,
      "min_ms": 1371.3339999958407,
      "max_ms": 1975.7453000056557,
      "rps": 0.6002039468986199,
      "peak_memory_mb": 0.829564094543457,
      "metadata": {}
    }
  },
  "large_batch": {
    "stats": {
      "iterations": 5,
      "duration_seconds": 8.879667300003348,
      "mean_ms": 1775.9169200027827,
      "median_ms": 1804.671399993822,
      "p95_ms": 1825.999499997124,
      "min_ms": 1554.29390000063,
      "max_ms": 1903.900400007842,
      "rps": 0.5630841596957259,
      "peak_memory_mb": 7.397780418395996,
      "metadata": {}
    }
  },
  "async_small_batch": {
    "stats": {
      "iterations": 5,
      "duration_seconds": 5.557680600002641,
      "mean_ms": 1111.5167999989353,
      "median_ms": 1141.5334999910556,
      "p95_ms": 1152.1409999986645,
      "min_ms": 961.747200024547,
      "max_ms": 1311.1533999908715,
      "rps": 0.8996558744303558,
      "peak_memory_mb": 0.6017074584960938,
      "metadata": {}
    }
  },
  "async_large_batch": {
    "stats": {
      "iterations": 5,
      "duration_seconds": 12.94352760000038,
      "mean_ms": 2588.676859997213,
      "median_ms": 2820.9883000236005,
      "p95_ms": 2990.4003999836277,
      "min_ms": 1673.4546999796294,
      "max_ms": 3026.812500000233,
      "rps": 0.38629345527102316,
      "peak_memory_mb": 16.67104434967041,
      "metadata": {}
    }
  }
}