{
  "small_batch": {
    "stats": {
      "iterations": 5,
      "duration_seconds": 7.347300699999323,
      "mean_ms": 1469.4330399986939,
      "median_ms": 1372.4675999983447,
      "p95_ms": 1433.9055000018561,
      "min_ms": 1174.776899999415,
      "max_ms": 2006.9064999988768,
      "rps": 0.6805220317170986,
      "peak_memory_mb": 0.21249961853027344,
      "metadata": {}
    }
  },
  "medium_batch": {
    "stats": {
      "iterations": 5,
      "duration_seconds": 7.794661200001428,
      "mean_ms": 1558.9126999984728,
      "median_ms": 1564.8113999995985,
      "p95_ms": 1762.7462999953423,
      "min_ms": 1132.588599997689,
      "max_ms": 1956.666000005498,
      "rps": 0.641464698940229,
      "peak_memory_mb": 0.8291435241699219,
      "metadata": {}
    }
  },
  "large_batch": {
    "stats": {
      "iterations": 5,
      "duration_seconds": 7.8530810000011115,
      "mean_ms": 1570.5961400002707,
      "median_ms": 1547.468899996602,
      "p95_ms": 1565.5463000002783,
      "min_ms": 1477.6118000008864,
      "max_ms": 1782.1283000012045,
      "rps": 0.636692783380089,
      "peak_memory_mb": 7.397574424743652,
      "metadata": {}
    }
  },
  "async_small_batch": {
    "stats": {
      "iterations": 5,
      "duration_seconds": 4.334979100000055,
      "mean_ms": 866.9684999986202,
      "median_ms": 862.7493999956641,
      "p95_ms": 865.8137999955215,
      "min_ms": 832.9454999984591,
      "max_ms": 917.0378999988316,
      "rps": 1.1534080983227661,
      "peak_memory_mb": 0.6004295349121094,
      "metadata": {}
    }
  },
  "async_large_batch": {
    "stats": {
      "iterations": 5,
      "duration_seconds": 13.20344269999623,
      "mean_ms": 2640.6678800005466,
      "median_ms": 2680.0446000052034,
      "p95_ms": 2795.287399996596,
      "min_ms": 1998.2632000028389,
      "max_ms": 3389.8181000040495,
      "rps": 0.37868911265100785,
      "peak_memory_mb": 18.231250762939453,
      "metadata": {}
    }
  }
}