{
  "small_batch": {
    "stats": {
      "iterations": 3,
      "duration_seconds": 2.7625107999920147,
      "mean_ms": 920.8130666617459,
      "median_ms": 929.1215999983251,
      "p95_ms": 929.1215999983251,
      "min_ms": 898.0386999901384,
      "max_ms": 935.2788999967743,
      "rps": 1.0859686050851536,
      "peak_memory_mb": 0.18222332000732422,
      "metadata": {}
    }
  },
  "medium_batch": {
    "stats": {
      "iterations": 3,
      "duration_seconds": 2.8731260000058683,
      "mean_ms": 957.6904999945933,
      "median_ms": 954.2741999903228,
      "p95_ms": 954.2741999903228,
      "min_ms": 948.5405000013998,
      "max_ms": 970.2567999920575,
      "rps": 1.0441588708583864,
      "peak_memory_mb": 0.7419443130493164,
      "metadata": {}
    }
  },
  "large_batch": {
    "stats": {
      "iterations": 3,
      "duration_seconds": 3.6418180000036955,
      "mean_ms": 1213.9171666688828,
      "median_ms": 1187.9953000025125,
      "p95_ms": 1187.9953000025125,
      "min_ms": 1154.0291999990586,
      "max_ms": 1299.7270000050776,
      "rps": 0.8237643945954893,
      "peak_memory_mb": 6.713008880615234,
      "metadata": {}
    }
  }
}