{
  "small_batch": {
    "stats": {
      "iterations": 1,
      "duration_seconds": 0.9810473999823444,
      "mean_ms": 981.0216000187211,
      "median_ms": 981.0216000187211,
      "p95_ms": 981.0216000187211,
      "min_ms": 981.0216000187211,
      "max_ms": 981.0216000187211,
      "rps": 1.0193187403768633,
      "peak_memory_mb": 0.13436126708984375,
      "metadata": {}
    }
  },
  "medium_batch": {
    "stats": {
      "iterations": 1,
      "duration_seconds": 1.5533240999793634,
      "mean_ms": 1553.2952999928966,
      "median_ms": 1553.2952999928966,
      "p95_ms": 1553.2952999928966,
      "min_ms": 1553.2952999928966,
      "max_ms": 1553.2952999928966,
      "rps": 0.6437806508077004,
      "peak_memory_mb": 0.6786890029907227,
      "metadata": {}
    }
  },
  "large_batch": {
    "stats": {
      "iterations": 1,
      "duration_seconds": 1.9686326999799348,
      "mean_ms": 1968.5882999910973,
      "median_ms": 1968.5882999910973,
      "p95_ms": 1968.5882999910973,
      "min_ms": 1968.5882999910973,
      "max_ms": 1968.5882999910973,
      "rps": 0.5079667730858034,
      "peak_memory_mb": 6.006922721862793,
      "metadata": {}
    }
  },
  "async_small_batch": {
    "stats": {
      "iterations": 1,
      "duration_seconds": 0.797324099985417,
      "mean_ms": 797.2747999592684,
      "median_ms": 797.2747999592684,
      "p95_ms": 797.2747999592684,
      "min_ms": 797.2747999592684,
      "max_ms": 797.2747999592684,
      "rps": 1.254195125944757,
      "peak_memory_mb": 0.20607376098632812,
      "metadata": {}
    }
  },
  "async_large_batch": {
    "stats": {
      "iterations": 1,
      "duration_seconds": 2.8945911999908276,
      "mean_ms": 2894.5686999941245,
      "median_ms": 2894.5686999941245,
      "p95_ms": 2894.5686999941245,
      "min_ms": 2894.5686999941245,
      "max_ms": 2894.5686999941245,
      "rps": 0.34547192709048824,
      "peak_memory_mb": 15.069522857666016,
      "metadata": {}
    }
  }
}